Ticker,Date,Avg_Daily_Volume_252,Market_Cap,Is_Giant
035420.KS,2020-01-01,,27058825216839.625,False
035420.KS,2020-01-02,,26910558192004.44,False
035420.KS,2020-01-05,,26762291167169.25,False
035420.KS,2020-01-06,,27726030367246.75,False
035420.KS,2020-01-07,,27132962267906.0,False
035420.KS,2020-01-08,,27577763342411.56,False
035420.KS,2020-01-09,,27874299751181.125,False
035420.KS,2020-01-12,,27874299751181.125,False
035420.KS,2020-01-13,,28244970851917.875,False
035420.KS,2020-01-14,,28393235517653.875,False
035420.KS,2020-01-15,,28393235517653.875,False
035420.KS,2020-01-16,,28319100825686.688,False
035420.KS,2020-01-19,,27800165059213.938,False
035420.KS,2020-01-20,,26984695243070.81,False
035420.KS,2020-01-21,,27577763342411.56,False
035420.KS,2020-01-22,,27132962267906.0,False
035420.KS,2020-01-27,,26465754758399.688,False
035420.KS,2020-01-28,,26688158834301.25,False
035420.KS,2020-01-29,,26688158834301.25,False
035420.KS,2020-01-30,,26614021783234.875,False
035420.KS,2020-02-02,,26317492451762.875,False
035420.KS,2020-02-03,,26762291167169.25,False
035420.KS,2020-02-04,,26910558192004.44,False
035420.KS,2020-02-05,,26910558192004.44,False
035420.KS,2020-02-06,,27429498676675.56,False
035420.KS,2020-02-09,,27207094600774.0,False
035420.KS,2020-02-10,,27355359266510.0,False
035420.KS,2020-02-11,,27429498676675.56,False
035420.KS,2020-02-12,,27355359266510.0,False
035420.KS,2020-02-13,,27651900393477.938,False
035420.KS,2020-02-16,,27948434443148.312,False
035420.KS,2020-02-17,,27651900393477.938,False
035420.KS,2020-02-18,,28096701467983.5,False
035420.KS,2020-02-19,,28170831441752.312,False
035420.KS,2020-02-20,,28096701467983.5,False
035420.KS,2020-02-23,,27281229292741.188,False
035420.KS,2020-02-24,,28244970851917.875,False
035420.KS,2020-02-25,,27726030367246.75,False
035420.KS,2020-02-26,,26984695243070.81,False
035420.KS,2020-02-27,,25798554326190.938,False
035420.KS,2020-03-01,,25946821351026.125,False
035420.KS,2020-03-02,,25946821351026.125,False
035420.KS,2020-03-03,,26465754758399.688,False
035420.KS,2020-03-04,,26836423500037.25,False
035420.KS,2020-03-05,,26614021783234.875,False
035420.KS,2020-03-08,,26614021783234.875,False
035420.KS,2020-03-09,,25502020276520.56,False
035420.KS,2020-03-10,,25205481508651.81,False
035420.KS,2020-03-11,,25205481508651.81,False
035420.KS,2020-03-12,,24612415768410.25,False
035420.KS,2020-03-15,,22981469058826.44,False
035420.KS,2020-03-16,,22388396241287.312,False
035420.KS,2020-03-17,,21647063476210.56,False
035420.KS,2020-03-18,,21350527067441.0,False
035420.KS,2020-03-19,,22833202033991.25,False
035420.KS,2020-03-22,,21202260042605.81,False
035420.KS,2020-03-23,,23129736083661.625,False
035420.KS,2020-03-24,,23129736083661.625,False
035420.KS,2020-03-25,,22610802676288.062,False
035420.KS,2020-03-26,,24315877000541.5,False
035420.KS,2020-03-29,,24093472924639.938,False
035420.KS,2020-03-30,,25205481508651.81,False
035420.KS,2020-03-31,,24167614693904.688,False
035420.KS,2020-04-01,,25724419634223.75,False
035420.KS,2020-04-02,,25502020276520.56,False
035420.KS,2020-04-05,,25650284942256.56,False
035420.KS,2020-04-06,,25131349175783.81,False
035420.KS,2020-04-07,,24686545742179.062,False
035420.KS,2020-04-08,,24834815126113.44,False
035420.KS,2020-04-09,,24686545742179.062,False
035420.KS,2020-04-12,,24612415768410.25,False
035420.KS,2020-04-13,,24983082150948.625,False
035420.KS,2020-04-15,,25279616200619.0,False
035420.KS,2020-04-16,,26539891809466.062,False
035420.KS,2020-04-19,,26688158834301.25,False
035420.KS,2020-04-20,,26465754758399.688,False
035420.KS,2020-04-21,,26984695243070.81,False
035420.KS,2020-04-22,,28170831441752.312,False
035420.KS,2020-04-23,,28541504901588.25,False
035420.KS,2020-04-26,,29282840025764.188,False
035420.KS,2020-04-27,,29356974717731.37,False
035420.KS,2020-04-28,,29282840025764.188,False
035420.KS,2020-05-03,,29505241742566.56,False
035420.KS,2020-05-05,,31432720142721.56,False
035420.KS,2020-05-06,,31951655909194.312,False
035420.KS,2020-05-07,,31729256551491.125,False
035420.KS,2020-05-10,,31803386525259.938,False
035420.KS,2020-05-11,,32544726367634.25,False
035420.KS,2020-05-12,,32396459342799.062,False
035420.KS,2020-05-13,,32470591675667.062,False
035420.KS,2020-05-14,,31580987167556.75,False
035420.KS,2020-05-17,,31877523576326.312,False
035420.KS,2020-05-18,,31655119500424.75,False
035420.KS,2020-05-19,,32915397468371.0,False
035420.KS,2020-05-20,,33360196183777.37,False
035420.KS,2020-05-21,,34175668359019.688,False
035420.KS,2020-05-24,,35732475658437.94,False
035420.KS,2020-05-25,,35435946326965.94,False
035420.KS,2020-05-26,,33879134309349.312,False
035420.KS,2020-05-27,,35658345684669.125,False
035420.KS,2020-05-28,,33508465567711.75,False
035420.KS,2020-05-31,,35139409918196.37,False
035420.KS,2020-06-01,,34694606484591.625,False
035420.KS,2020-06-02,,33434330875744.56,False
035420.KS,2020-06-03,,34472204767789.25,False
035420.KS,2020-06-04,,34249805410086.062,False
035420.KS,2020-06-07,,35658345684669.125,False
035420.KS,2020-06-08,,35213544610163.56,False
035420.KS,2020-06-09,,36177281451141.88,False
035420.KS,2020-06-10,,35658345684669.125,False
035420.KS,2020-06-11,,35880745042372.31,False
035420.KS,2020-06-14,,34323935383854.875,False
035420.KS,2020-06-15,,36103146759174.69,False
035420.KS,2020-06-16,,37215155343186.56,False
035420.KS,2020-06-17,,36696219576713.81,False
035420.KS,2020-06-18,,36992753626384.19,False
035420.KS,2020-06-21,,40032233533253.5,False
035420.KS,2020-06-22,,40921845118661.375,False
035420.KS,2020-06-23,,41366648552266.125,False
035420.KS,2020-06-24,,39958110636782.25,False
035420.KS,2020-06-25,,39883968867517.5,False
035420.KS,2020-06-28,,39142636102440.75,False
035420.KS,2020-06-29,,39587434817847.125,False
035420.KS,2020-06-30,,39883968867517.5,False
035420.KS,2020-07-01,,41070109784397.375,False
035420.KS,2020-07-02,,41144242117265.375,False
035420.KS,2020-07-05,,41737314934804.5,False
035420.KS,2020-07-06,,41440776166935.75,False
035420.KS,2020-07-07,,41885579600540.5,False
035420.KS,2020-07-08,,42626917083815.625,False
035420.KS,2020-07-09,,44331993767168.25,False
035420.KS,2020-07-12,,44035464435696.25,False
035420.KS,2020-07-13,,42552784750947.625,False
035420.KS,2020-07-14,,42478652418079.625,False
035420.KS,2020-07-15,,40477036966858.25,False
035420.KS,2020-07-16,,40921845118661.375,False
035420.KS,2020-07-19,,38994364359407.19,False
035420.KS,2020-07-20,,40032233533253.5,False
035420.KS,2020-07-21,,40032233533253.5,False
035420.KS,2020-07-22,,42107981317342.88,False
035420.KS,2020-07-23,,41663177883738.125,False
035420.KS,2020-07-26,,42182118368409.25,False
035420.KS,2020-07-27,,42701054134882.0,False
035420.KS,2020-07-28,,43294126952421.125,False
035420.KS,2020-07-29,,43590656283893.125,False
035420.KS,2020-07-30,,44628532535037.0,False
035420.KS,2020-08-02,,46630143268060.0,False
035420.KS,2020-08-03,,46111212219785.625,False
035420.KS,2020-08-04,,46481878602324.0,False
035420.KS,2020-08-05,,47742147133873.5,False
035420.KS,2020-08-06,,46556006216993.625,False
035420.KS,2020-08-09,,46481878602324.0,False
035420.KS,2020-08-10,,46185339834455.25,False
035420.KS,2020-08-11,,45221605352576.125,False
035420.KS,2020-08-12,,45518139402246.5,False
035420.KS,2020-08-13,,45221605352576.125,False
035420.KS,2020-08-17,,45592276453312.88,False
035420.KS,2020-08-18,,46704280319126.375,False
035420.KS,2020-08-19,,45295737685444.125,False
035420.KS,2020-08-20,,46333609218389.625,False
035420.KS,2020-08-23,,47445613084203.125,False
035420.KS,2020-08-24,,48186945849279.88,False
035420.KS,2020-08-25,,49521365586490.88,False
035420.KS,2020-08-26,,49966164301897.25,False
035420.KS,2020-08-27,,49373091484358.125,False
035420.KS,2020-08-30,,47816288903138.25,False
035420.KS,2020-08-31,,48112822952808.63,False
035420.KS,2020-09-01,,49298959151490.125,False
035420.KS,2020-09-02,,50262698351567.625,False
035420.KS,2020-09-03,,48705886333951.0,False
035420.KS,2020-09-06,,46630143268060.0,False
035420.KS,2020-09-07,,46111212219785.625,False
035420.KS,2020-09-08,,45147468301509.75,False
035420.KS,2020-09-09,,45592276453312.88,False
035420.KS,2020-09-10,,45369865300113.75,False
035420.KS,2020-09-13,,44925066584707.375,False
035420.KS,2020-09-14,,46259472167323.25,False
035420.KS,2020-09-15,,45518139402246.5,False
035420.KS,2020-09-16,,44554395483970.63,False
035420.KS,2020-09-17,,44183729101432.25,False
035420.KS,2020-09-20,,43294126952421.125,False
035420.KS,2020-09-21,,42182118368409.25,False
035420.KS,2020-09-22,,43961322666431.5,False
035420.KS,2020-09-23,,43590656283893.125,False
035420.KS,2020-09-24,,43738925667827.5,False
035420.KS,2020-09-27,,44257866152498.63,False
035420.KS,2020-09-28,,43961322666431.5,False
035420.KS,2020-10-04,,44257866152498.63,False
035420.KS,2020-10-05,,45221605352576.125,False
035420.KS,2020-10-06,,45221605352576.125,False
035420.KS,2020-10-07,,44628532535037.0,False
035420.KS,2020-10-11,,43294126952421.125,False
035420.KS,2020-10-12,,43738925667827.5,False
035420.KS,2020-10-13,,44257866152498.63,False
035420.KS,2020-10-14,,43368259285289.125,False
035420.KS,2020-10-15,,43516523951025.125,False
035420.KS,2020-10-18,,42404520085211.625,False
035420.KS,2020-10-19,,42997588184552.375,False
035420.KS,2020-10-20,,44109592050365.88,False
035420.KS,2020-10-21,,43442391618157.125,False
035420.KS,2020-10-22,,42478652418079.625,False
035420.KS,2020-10-25,,41737314934804.5,False
035420.KS,2020-10-26,,42033848984474.88,False
035420.KS,2020-10-27,,44257866152498.63,False
035420.KS,2020-10-28,,44257866152498.63,False
035420.KS,2020-10-29,,42997588184552.375,False
035420.KS,2020-11-01,,42330383034145.25,False
035420.KS,2020-11-02,,41959721369805.25,False
035420.KS,2020-11-03,,44257866152498.63,False
035420.KS,2020-11-04,,44331993767168.25,False
035420.KS,2020-11-05,,44628532535037.0,False
035420.KS,2020-11-08,,44183729101432.25,False
035420.KS,2020-11-09,,41959721369805.25,False
035420.KS,2020-11-10,,41514913218002.125,False
035420.KS,2020-11-11,,41366648552266.125,False
035420.KS,2020-11-12,,41663177883738.125,False
035420.KS,2020-11-15,,41218374450133.375,False
035420.KS,2020-11-16,,40773571016528.63,False
035420.KS,2020-11-17,,41663177883738.125,False
035420.KS,2020-11-18,,41589050269068.5,False
035420.KS,2020-11-19,,41663177883738.125,False
035420.KS,2020-11-22,,41737314934804.5,False
035420.KS,2020-11-23,,41885579600540.5,False
035420.KS,2020-11-24,,41292516219398.125,False
035420.KS,2020-11-25,,42330383034145.25,False
035420.KS,2020-11-26,,42182118368409.25,False
035420.KS,2020-11-29,,41144242117265.375,False
035420.KS,2020-11-30,,42330383034145.25,False
035420.KS,2020-12-01,,42033848984474.88,False
035420.KS,2020-12-02,,42552784750947.625,False
035420.KS,2020-12-03,,43590656283893.125,False
035420.KS,2020-12-06,,42923451133486.0,False
035420.KS,2020-12-07,,42256255419475.625,False
035420.KS,2020-12-08,,42701054134882.0,False
035420.KS,2020-12-09,,42404520085211.625,False
035420.KS,2020-12-10,,42997588184552.375,False
035420.KS,2020-12-13,,42404520085211.625,False
035420.KS,2020-12-14,,41959721369805.25,False
035420.KS,2020-12-15,,42330383034145.25,False
035420.KS,2020-12-16,,42256255419475.625,False
035420.KS,2020-12-17,,41885579600540.5,False
035420.KS,2020-12-20,,42107981317342.88,False
035420.KS,2020-12-21,,42107981317342.88,False
035420.KS,2020-12-22,,42107981317342.88,False
035420.KS,2020-12-23,,41811451985870.88,False
035420.KS,2020-12-27,,41663177883738.125,False
035420.KS,2020-12-28,,42019831217102.75,False
035420.KS,2020-12-29,,43430388521491.125,False
035420.KS,2021-01-03,,43504629372921.75,False
035420.KS,2021-01-04,,43430388521491.125,False
035420.KS,2021-01-05,,43059193700734.75,False
035420.KS,2021-01-06,857004.0753968254,42984948131105.75,True
035420.KS,2021-01-07,868411.8373015873,46325743981698.5,True
035420.KS,2021-01-10,877581.1904761905,45880308309511.5,True
035420.KS,2021-01-11,882681.7023809524,45137909231602.0,True
035420.KS,2021-01-12,888894.7182539683,46622712105619.375,True
035420.KS,2021-01-13,891782.4880952381,47216629480667.625,True
035420.KS,2021-01-14,894066.0396825396,45434867919126.125,True
035420.KS,2021-01-17,895916.1587301587,44618227989786.0,True
035420.KS,2021-01-18,898068.8928571428,45731831324848.63,True
035420.KS,2021-01-19,899593.4404761905,45731831324848.63,True
035420.KS,2021-01-20,906012.757936508,47884797143543.25,True
035420.KS,2021-01-21,918151.0238095238,51002870439844.125,True
035420.KS,2021-01-24,923340.8214285716,51819510369184.25,True
035420.KS,2021-01-25,926485.8650793652,50780147885552.25,True
035420.KS,2021-01-26,928873.0396825396,50705911752320.0,True
035420.KS,2021-01-27,936237.5,52710395868153.375,True
035420.KS,2021-01-28,941126.25,50928629588413.5,True
035420.KS,2021-01-31,943159.492063492,51671028666323.0,True
035420.KS,2021-02-01,949176.0198412698,53823985048620.88,True
035420.KS,2021-02-02,950864.5912698412,55011829235114.125,True
035420.KS,2021-02-03,953337.0277777778,53155831540340.375,True
035420.KS,2021-02-04,955306.9166666666,53823985048620.88,True
035420.KS,2021-02-07,955898.2698412698,53081590688909.75,True
035420.KS,2021-02-08,955953.2142857144,53230072391771.0,True
035420.KS,2021-02-09,957888.003968254,54417911860065.88,True
035420.KS,2021-02-14,959649.2817460316,57239026468842.63,True
035420.KS,2021-02-15,964149.507936508,58501106788568.125,True
035420.KS,2021-02-16,967170.1785714284,58204148101044.0,True
035420.KS,2021-02-17,969822.2817460316,57610221289599.0,True
035420.KS,2021-02-18,971771.1706349206,59095028881814.75,True
035420.KS,2021-02-21,974271.0357142856,57387503453505.5,True
035420.KS,2021-02-22,977069.3293650794,57981430264950.5,True
035420.KS,2021-02-23,979977.4365079365,55531505758731.75,True
035420.KS,2021-02-24,980758.123015873,56867826929887.88,True
035420.KS,2021-02-25,983705.765873016,55679987461593.0,True
035420.KS,2021-03-01,986905.380952381,56051191718746.125,True
035420.KS,2021-03-02,989764.5674603176,59317746717908.25,True
035420.KS,2021-03-03,993257.7222222222,58129902531415.0,True
035420.KS,2021-03-04,997624.0714285716,56051191718746.125,True
035420.KS,2021-03-07,999592.5317460316,54714861111193.25,True
035420.KS,2021-03-08,1001510.1746031746,53675508063958.0,True
035420.KS,2021-03-09,1002651.2103174604,55234551789406.0,True
035420.KS,2021-03-10,1004557.4087301588,55457269625499.5,True
035420.KS,2021-03-11,1006617.0277777778,56496627390933.125,True
035420.KS,2021-03-14,1007115.6626984128,56867826929887.88,True
035420.KS,2021-03-15,1008227.507936508,57239026468842.63,True
035420.KS,2021-03-16,1012990.8214285716,56942063063120.125,True
035420.KS,2021-03-17,1017561.761904762,59911664092956.5,True
035420.KS,2021-03-18,1020634.6865079365,59688950975061.375,True
035420.KS,2021-03-21,1024251.1865079365,58872306327522.88,True
035420.KS,2021-03-22,1023951.9801587302,57313272038471.625,True
035420.KS,2021-03-23,1023757.261904762,57461749023134.5,True
035420.KS,2021-03-24,1022540.3650793652,56422386539502.5,True
035420.KS,2021-03-25,1022639.8214285716,56867826929887.88,True
035420.KS,2021-03-28,1021543.7261904762,55234551789406.0,True
035420.KS,2021-03-29,1020060.003968254,55902705297686.5,True
035420.KS,2021-03-30,1018211.7976190476,55976946149117.125,True
035420.KS,2021-03-31,1016571.3849206348,56199663985210.63,True
035420.KS,2021-04-01,1014337.6111111112,56348150406270.25,True
035420.KS,2021-04-04,1012086.75,55976946149117.125,True
035420.KS,2021-04-05,1011212.5555555556,57684471577426.375,True
035420.KS,2021-04-06,1011004.8571428572,57090544765981.375,True
035420.KS,2021-04-07,1010085.8492063492,56645109093794.375,True
035420.KS,2021-04-08,1009089.0912698412,56942063063120.125,True
035420.KS,2021-04-11,1007475.8611111112,57239026468842.63,True
035420.KS,2021-04-12,1007171.0555555556,57684471577426.375,True
035420.KS,2021-04-13,1007577.492063492,58129902531415.0,True
035420.KS,2021-04-14,1007642.757936508,58055661679984.375,True
035420.KS,2021-04-15,1006989.5238095238,58129902531415.0,True
035420.KS,2021-04-18,1006061.5198412698,57907189413519.88,True
035420.KS,2021-04-19,1005800.2976190476,58055661679984.375,True
035420.KS,2021-04-20,1007475.1388888888,56496627390933.125,True
035420.KS,2021-04-21,1006973.6507936508,56496627390933.125,True
035420.KS,2021-04-22,1005640.6111111112,56125427851978.375,True
035420.KS,2021-04-25,1003991.1587301588,56051191718746.125,True
035420.KS,2021-04-26,1002914.9126984128,56422386539502.5,True
035420.KS,2021-04-27,1001830.869047619,55457269625499.5,True
035420.KS,2021-04-28,1002352.761904762,54417911860065.88,True
035420.KS,2021-04-29,1000395.369047619,53378549376433.88,True
035420.KS,2021-05-02,998723.4087301588,53898225900051.5,True
035420.KS,2021-05-03,996624.3452380951,54120948454343.375,True
035420.KS,2021-05-05,997415.3134920635,53675508063958.0,True
035420.KS,2021-05-06,996500.2698412698,53601267212527.375,True
035420.KS,2021-05-09,994389.492063492,53749748915388.63,True
035420.KS,2021-05-10,999870.1904761904,51819510369184.25,True
035420.KS,2021-05-11,1000413.015873016,50928629588413.5,True
035420.KS,2021-05-12,1001444.492063492,50111989659073.375,True
035420.KS,2021-05-13,1000893.1507936508,50854388736982.88,True
035420.KS,2021-05-16,998499.2301587302,51077111291274.75,True
035420.KS,2021-05-17,996238.6071428572,51893746502416.5,True
035420.KS,2021-05-19,995027.1944444444,52116473774906.75,True
035420.KS,2021-05-20,993312.757936508,53452785509666.125,True
035420.KS,2021-05-23,992212.992063492,52784622564988.88,True
035420.KS,2021-05-24,990291.6031746032,53155831540340.375,True
035420.KS,2021-05-25,988568.4761904762,53898225900051.5,True
035420.KS,2021-05-26,988406.8650793652,53155831540340.375,True
035420.KS,2021-05-27,985751.4325396824,53155831540340.375,True
035420.KS,2021-05-30,983299.246031746,53823985048620.88,True
035420.KS,2021-05-31,978680.5714285716,54492147993298.125,True
035420.KS,2021-06-01,974893.0277777778,53898225900051.5,True
035420.KS,2021-06-02,969603.753968254,53749748915388.63,True
035420.KS,2021-06-03,958964.261904762,53007345119280.75,True
035420.KS,2021-06-06,956000.1865079365,53823985048620.88,True
035420.KS,2021-06-07,954735.6825396824,53823985048620.88,True
035420.KS,2021-06-08,950311.8492063492,53230072391771.0,True
035420.KS,2021-06-09,952095.6865079365,55457269625499.5,True
035420.KS,2021-06-10,950494.4206349206,55308783204439.88,True
035420.KS,2021-06-13,948842.9801587302,57461749023134.5,True
035420.KS,2021-06-14,947617.4007936508,57461749023134.5,True
035420.KS,2021-06-15,945257.123015873,58055661679984.375,True
035420.KS,2021-06-16,942267.2182539684,57832943843890.88,True
035420.KS,2021-06-17,942070.0833333334,59095028881814.75,True
035420.KS,2021-06-20,940075.4047619049,58946547178953.5,True
035420.KS,2021-06-21,938279.238095238,58055661679984.375,True
035420.KS,2021-06-22,943689.7738095238,62881265122792.88,True
035420.KS,2021-06-23,949241.1865079365,62287343029546.25,True
035420.KS,2021-06-24,951074.9404761904,60876785725157.88,True
035420.KS,2021-06-27,946241.6111111112,60579831755832.125,True
035420.KS,2021-06-28,940163.2142857144,61099512997648.125,True
035420.KS,2021-06-29,940005.4047619049,61990384342022.125,True
035420.KS,2021-06-30,937610.9682539684,61322226115543.25,True
035420.KS,2021-07-01,935945.6547619049,61470707818404.5,True
035420.KS,2021-07-04,934668.2142857144,60876785725157.88,True
035420.KS,2021-07-05,932604.369047619,60802544873727.25,True
035420.KS,2021-07-06,932634.3253968254,61990384342022.125,True
035420.KS,2021-07-07,933136.0634920635,62658542568501.0,True
035420.KS,2021-07-08,933605.4206349206,61693425654498.0,True
035420.KS,2021-07-11,930685.0277777778,62138866044883.375,True
035420.KS,2021-07-12,931214.7857142856,65479666613674.5,True
035420.KS,2021-07-13,929542.742063492,65925111722258.25,True
035420.KS,2021-07-14,925351.4642857144,66667510800167.75,True
035420.KS,2021-07-15,921881.3095238096,66370542676246.88,True
035420.KS,2021-07-18,919696.8134920635,65776625301198.63,True
035420.KS,2021-07-19,917427.9285714284,65182707926150.375,True
035420.KS,2021-07-20,915877.623015873,63549428067470.125,True
035420.KS,2021-07-21,914675.511904762,65331184910813.25,True
035420.KS,2021-07-22,915338.5833333334,67112946472354.75,True
035420.KS,2021-07-25,912556.2896825396,67112946472354.75,True
035420.KS,2021-07-26,910881.6865079365,67112946472354.75,True
035420.KS,2021-07-27,910910.5396825396,65628148316535.75,True
035420.KS,2021-07-28,907576.9087301588,65256953495779.375,True
035420.KS,2021-07-29,905177.0198412698,64366063278611.88,True
035420.KS,2021-08-01,904624.8849206348,64366063278611.88,True
035420.KS,2021-08-02,904039.9761904762,63549428067470.125,True
035420.KS,2021-08-03,902380.4801587302,64291827145379.625,True
035420.KS,2021-08-04,900771.1547619049,65702389167966.375,True
035420.KS,2021-08-05,896204.9880952381,65999338419093.75,True
035420.KS,2021-08-08,892978.5119047619,66444788245875.88,True
035420.KS,2021-08-09,889530.5833333334,66296306543014.63,True
035420.KS,2021-08-10,888087.4722222222,66073583988722.75,True
035420.KS,2021-08-11,886655.0833333334,65405425762243.88,True
035420.KS,2021-08-12,884482.8650793651,64811503668997.25,True
035420.KS,2021-08-16,883669.2619047619,63623668918900.75,True
035420.KS,2021-08-17,882997.4880952381,63697900333934.63,True
035420.KS,2021-08-18,881599.2380952381,63029746825654.125,True
035420.KS,2021-08-19,878351.5,62732788138130.0,True
035420.KS,2021-08-22,877984.5277777778,63772150621762.0,True
035420.KS,2021-08-23,874222.2976190476,64959985371858.5,True
035420.KS,2021-08-24,873175.4166666666,63920627606424.88,True
035420.KS,2021-08-25,871028.9563492064,62881265122792.88,True
035420.KS,2021-08-26,870175.9523809524,62361593317373.625,True
035420.KS,2021-08-29,868651.9206349206,63549428067470.125,True
035420.KS,2021-08-30,868140.7063492064,65182707926150.375,True
035420.KS,2021-08-31,866153.4920634921,66073583988722.75,True
035420.KS,2021-09-01,862976.0714285715,65702389167966.375,True
035420.KS,2021-09-02,861693.496031746,67187182605587.0,True
035420.KS,2021-09-05,857089.3888888889,67409900441680.5,True
035420.KS,2021-09-06,855757.7579365079,65999338419093.75,True
035420.KS,2021-09-07,862356.1706349206,60802544873727.25,True
035420.KS,2021-09-08,867102.0158730159,59243505866477.625,True
035420.KS,2021-09-09,867707.3055555555,60876785725157.88,True
035420.KS,2021-09-12,865578.3452380953,60579831755832.125,True
035420.KS,2021-09-13,868147.746031746,59763182390095.25,True
035420.KS,2021-09-14,867373.1071428572,59466223702571.125,True
035420.KS,2021-09-15,866500.253968254,59688950975061.375,True
035420.KS,2021-09-16,866665.1071428572,59837427959724.25,True
035420.KS,2021-09-22,866690.8174603175,59391987569338.88,True
035420.KS,2021-09-23,865803.3412698413,60208632216877.375,True
035420.KS,2021-09-26,864848.7698412698,59837427959724.25,True
035420.KS,2021-09-27,864983.8492063492,58278388952474.63,True
035420.KS,2021-09-28,864641.5,57461749023134.5,True
035420.KS,2021-09-29,864463.3412698413,57610221289599.0,True
035420.KS,2021-09-30,862627.5992063492,56719345227026.63,True
035420.KS,2021-10-04,862011.1626984127,55011829235114.125,True
035420.KS,2021-10-05,861922.8492063492,55383033492267.25,True
035420.KS,2021-10-06,862652.5555555555,58426865937137.5,True
035420.KS,2021-10-07,861930.5277777778,57684471577426.375,True
035420.KS,2021-10-11,862135.4722222222,55234551789406.0,True
035420.KS,2021-10-12,860967.7063492064,56719345227026.63,True
035420.KS,2021-10-13,860258.5277777778,58649583773231.0,True
035420.KS,2021-10-14,859900.8373015873,58426865937137.5,True
035420.KS,2021-10-17,858678.5793650794,58872306327522.88,True
035420.KS,2021-10-18,857271.4246031746,60505586186203.125,True
035420.KS,2021-10-19,857093.4444444445,60505586186203.125,True
035420.KS,2021-10-20,855993.9404761905,60951026576588.5,True
035420.KS,2021-10-21,855087.0634920635,60505586186203.125,True
035420.KS,2021-10-24,855146.8134920635,59763182390095.25,True
035420.KS,2021-10-25,855292.3015873015,61247985264112.63,True
035420.KS,2021-10-26,855138.503968254,61544943951636.75,True
035420.KS,2021-10-27,854560.1904761905,61322226115543.25,True
035420.KS,2021-10-28,854781.0436507936,60431345334772.5,True
035420.KS,2021-10-31,854326.2619047619,60654067889064.375,True
035420.KS,2021-11-01,854339.8174603175,60876785725157.88,True
035420.KS,2021-11-02,847574.3333333334,59763182390095.25,True
035420.KS,2021-11-03,846937.0476190476,61099512997648.125,True
035420.KS,2021-11-04,845049.8174603175,60951026576588.5,True
035420.KS,2021-11-07,842770.2261904762,60579831755832.125,True
035420.KS,2021-11-08,842924.7023809524,61990384342022.125,True
035420.KS,2021-11-09,840336.1150793651,61544943951636.75,True
035420.KS,2021-11-10,836141.7777777778,60431345334772.5,True
035420.KS,2021-11-11,833481.9047619047,60728304022296.63,True
035420.KS,2021-11-14,830953.3293650794,61025267428019.125,True
035420.KS,2021-11-15,830208.2976190476,60208632216877.375,True
035420.KS,2021-11-16,825491.8253968254,59540459835803.375,True
035420.KS,2021-11-17,823688.5714285715,60431345334772.5,True
035420.KS,2021-11-18,821304.3412698413,59985904944387.125,True
035420.KS,2021-11-21,820689.2182539683,60876785725157.88,True
035420.KS,2021-11-22,819872.373015873,59391987569338.88,True
035420.KS,2021-11-23,818832.0198412698,58649583773231.0,True
035420.KS,2021-11-24,816491.380952381,58946547178953.5,True
035420.KS,2021-11-25,816306.5634920635,57832943843890.88,True
035420.KS,2021-11-28,816378.7341269841,57387503453505.5,True
035420.KS,2021-11-29,818514.7182539683,56570868242363.75,True
035420.KS,2021-11-30,817479.380952381,57907189413519.88,True
035420.KS,2021-12-01,816301.0833333334,59169274451443.75,True
035420.KS,2021-12-02,815126.5,59688950975061.375,True
035420.KS,2021-12-05,815282.3055555555,58204148101044.0,True
035420.KS,2021-12-06,812139.8214285715,58055661679984.375,True
035420.KS,2021-12-07,811444.5912698413,58649583773231.0,True
035420.KS,2021-12-08,812026.126984127,59317746717908.25,True
035420.KS,2021-12-09,809976.3928571428,58649583773231.0,True
035420.KS,2021-12-12,806688.2896825396,57981430264950.5,True
035420.KS,2021-12-13,804704.9880952381,58204148101044.0,True
035420.KS,2021-12-14,803607.2023809524,57535989874565.125,True
035420.KS,2021-12-15,803649.1111111111,57535989874565.125,True
035420.KS,2021-12-16,801846.9563492064,57090544765981.375,True
035420.KS,2021-12-19,802351.3293650794,55383033492267.25,True
035420.KS,2021-12-20,802054.0873015873,55679987461593.0,True
035420.KS,2021-12-21,801147.4126984127,56199663985210.63,True
035420.KS,2021-12-22,801038.0714285715,56125427851978.375,True
035420.KS,2021-12-23,800602.9563492064,57016308632749.125,True
035420.KS,2021-12-26,799569.0357142857,56496627390933.125,True
035420.KS,2021-12-27,799877.3015873015,57090544765981.375,True
035420.KS,2021-12-28,798299.1825396825,56794826964629.88,True
035420.KS,2021-12-29,797748.7658730159,56274452147652.75,True
035420.KS,2022-01-03,799139.9603174604,54341646901532.375,True
035420.KS,2022-01-04,801575.8928571428,52780536605196.125,True
035420.KS,2022-01-05,804650.5992063492,50327351823900.25,True
035420.KS,2022-01-06,803053.4246031746,50253016608502.125,True
035420.KS,2022-01-09,802582.9206349206,49806986443319.88,True
035420.KS,2022-01-10,802156.0436507936,49806986443319.88,True
035420.KS,2022-01-11,800853.8888888889,51368096739656.125,True
035420.KS,2022-01-12,798955.0476190476,51739791689440.25,True
035420.KS,2022-01-13,788357.869047619,50847726640877.375,True
035420.KS,2022-01-16,779046.8373015873,51070746441666.88,True
035420.KS,2022-01-17,774555.8611111111,50253016608502.125,True
035420.KS,2022-01-18,770012.3452380953,49435286775337.375,True
035420.KS,2022-01-19,766627.2976190476,49806986443319.88,True
035420.KS,2022-01-20,764540.4642857143,49509626708933.88,True
035420.KS,2022-01-23,763072.2420634921,48840581461160.5,True
035420.KS,2022-01-24,762753.8214285715,47874176479001.125,True
035420.KS,2022-01-25,759240.0436507936,47874176479001.125,True
035420.KS,2022-01-26,755304.0079365079,45049301466119.5,True
035420.KS,2022-01-27,746059.5674603175,46090041663677.0,True
035420.KS,2022-02-02,743244.4484126985,47651156678211.625,True
035420.KS,2022-02-03,740473.2619047619,48691906312165.88,True
035420.KS,2022-02-06,737867.746031746,48617561660371.0,True
035420.KS,2022-02-07,728797.5238095238,48617561660371.0,True
035420.KS,2022-02-08,722416.9920634921,48617561660371.0,True
035420.KS,2022-02-09,721279.0396825396,49286611626342.75,True
035420.KS,2022-02-10,715326.0,48691906312165.88,True
035420.KS,2022-02-13,712259.1944444445,47874176479001.125,True
035420.KS,2022-02-14,708987.2420634921,47353806380222.375,True
035420.KS,2022-02-15,706866.2380952381,48245866710586.88,True
035420.KS,2022-02-16,705950.7182539683,48245866710586.88,True
035420.KS,2022-02-17,705481.380952381,47279461728427.5,True
035420.KS,2022-02-20,700928.1388888889,47279461728427.5,True
035420.KS,2022-02-21,696275.4603174604,47279461728427.5,True
035420.KS,2022-02-22,690056.7777777778,47279461728427.5,True
035420.KS,2022-02-23,688092.2658730159,44974966250721.375,True
035420.KS,2022-02-24,687448.0198412698,46759096347847.125,True
035420.KS,2022-02-27,683293.0873015873,46759096347847.125,True
035420.KS,2022-03-01,680343.5,47130781861234.5,True
035420.KS,2022-03-02,678610.6071428572,48394541859581.5,True
035420.KS,2022-03-03,674330.9047619047,48394541859581.5,True
035420.KS,2022-03-06,673448.1944444445,45644011498494.75,True
035420.KS,2022-03-07,671026.4206349206,45272321266909.0,True
035420.KS,2022-03-09,666104.5079365079,45272321266909.0,True
035420.KS,2022-03-10,660995.1785714285,45272321266909.0,True
035420.KS,2022-03-13,657402.630952381,48914916676558.63,True
035420.KS,2022-03-14,651075.7023809524,48914916676558.63,True
035420.KS,2022-03-15,646981.4642857143,48914916676558.63,True
035420.KS,2022-03-16,641767.5753968254,48914916676558.63,True
035420.KS,2022-03-17,640876.3412698413,51219421590661.5,True
035420.KS,2022-03-20,636809.9087301587,51219421590661.5,True
035420.KS,2022-03-21,634159.0476190476,50476031691093.25,True
035420.KS,2022-03-22,633744.0277777778,51368096739656.125,True
035420.KS,2022-03-23,633561.2103174604,50550366906491.375,True
035420.KS,2022-03-24,631016.253968254,49509626708933.88,True
035420.KS,2022-03-27,625215.380952381,49286611626342.75,True
035420.KS,2022-03-28,621507.3174603175,49658306576126.88,True
035420.KS,2022-03-29,619693.8849206349,50401691757496.75,True
035420.KS,2022-03-30,616757.1944444445,50624711558286.25,True
035420.KS,2022-03-31,615500.1825396825,49881326376916.375,True
035420.KS,2022-04-03,613956.9365079365,50253016608502.125,True
035420.KS,2022-04-04,612759.1785714285,50922061856275.5,True
035420.KS,2022-04-05,611843.253968254,49063596543751.625,True
035420.KS,2022-04-06,611324.2341269841,47725501330006.5,True
035420.KS,2022-04-07,611554.6706349206,47056446645836.375,True
035420.KS,2022-04-10,611395.7817460317,46536076547057.625,True
035420.KS,2022-04-11,611361.3214285715,45867026581085.88,True
035420.KS,2022-04-12,611750.6904761905,46164381597273.5,True
035420.KS,2022-04-13,609617.5992063492,46536076547057.625,True
035420.KS,2022-04-14,608788.8373015873,45867026581085.88,True
035420.KS,2022-04-17,607134.9166666666,45569671564898.25,True
035420.KS,2022-04-18,606745.7261904762,46387401398063.0,True
035420.KS,2022-04-19,606015.3968253968,46907771496841.75,True
035420.KS,2022-04-20,606877.8849206349,46015701730080.5,True
035420.KS,2022-04-21,608498.6666666666,44603266582738.88,True
035420.KS,2022-04-24,608235.8492063492,42893481137408.0,True
035420.KS,2022-04-25,609746.1388888889,42670461336618.5,True
035420.KS,2022-04-26,611436.7182539683,41704056354459.125,True
035420.KS,2022-04-27,611952.8531746032,41704056354459.125,True
035420.KS,2022-04-28,610780.0198412698,42596121403022.0,True
035420.KS,2022-05-01,611235.9722222222,41778391569857.25,True
035420.KS,2022-05-02,610896.2698412698,41927076155248.63,True
035420.KS,2022-05-03,610538.503968254,41927076155248.63,True
035420.KS,2022-05-05,612104.1944444445,40440301074310.5,True
035420.KS,2022-05-09,613083.2976190476,41035006388487.375,True
035420.KS,2022-05-10,612012.246031746,41481036553669.625,True
035420.KS,2022-05-11,610360.0436507936,40142941339924.5,True
035420.KS,2022-05-12,610228.2658730159,40811986587697.88,True
035420.KS,2022-05-15,610178.1865079365,40663311438703.25,True
035420.KS,2022-05-16,609376.2857142857,40960671173089.25,True
035420.KS,2022-05-17,609734.7817460317,41109346322083.88,True
035420.KS,2022-05-18,609947.369047619,40365956422515.625,True
035420.KS,2022-05-19,602389.7142857143,40886326521294.375,True
035420.KS,2022-05-22,599202.0277777778,41258026189276.88,True
035420.KS,2022-05-23,597544.4523809524,39548228948450.06,True
035420.KS,2022-05-24,597833.8055555555,39548228948450.06,True
035420.KS,2022-05-25,598182.5277777778,39548228948450.06,True
035420.KS,2022-05-26,598326.0833333334,40142941339924.5,True
035420.KS,2022-05-29,599080.126984127,41778391569857.25,True
035420.KS,2022-05-30,602640.7222222222,42819136485613.125,True
035420.KS,2022-06-01,603620.1706349206,43116491501800.75,True
035420.KS,2022-06-02,603767.2738095238,42744801270215.0,True
035420.KS,2022-06-06,604233.4841269841,41332356686476.63,True
035420.KS,2022-06-07,601999.4047619047,41332356686476.63,True
035420.KS,2022-06-08,603245.8055555555,40588976223305.125,True
035420.KS,2022-06-09,603644.246031746,40142941339924.5,True
035420.KS,2022-06-12,605725.7261904762,37764098851324.31,True
035420.KS,2022-06-13,607051.4523809524,37615423702329.69,True
035420.KS,2022-06-14,608874.3134920635,36351663703982.69,True
035420.KS,2022-06-15,610083.4325396825,35682616097110.125,True
035420.KS,2022-06-16,612450.4761904762,35310921147326.0,True
035420.KS,2022-06-19,613834.3531746032,34790548689448.062,True
035420.KS,2022-06-20,614487.1666666666,35608276163513.625,True
035420.KS,2022-06-21,612075.5079365079,34047161148979.0,True
035420.KS,2022-06-22,613012.503968254,34790548689448.062,True
035420.KS,2022-06-23,612147.9047619047,36797693869164.94,True
035420.KS,2022-06-26,612182.2103174604,37020713669954.44,True
035420.KS,2022-06-27,610689.503968254,37541086127832.375,True
035420.KS,2022-06-28,609872.746031746,36649018720170.31,True
035420.KS,2022-06-29,607873.6785714285,35682616097110.125,True
035420.KS,2022-06-30,606754.3095238095,35236583572828.69,True
035420.KS,2022-07-03,606000.0873015873,34939226197541.875,True
035420.KS,2022-07-04,597799.6865079365,36128646262292.375,True
035420.KS,2022-07-05,592768.3373015873,36202986195888.88,True
035420.KS,2022-07-06,589457.1031746032,36426001278480.0,True
035420.KS,2022-07-07,589571.8452380953,37020713669954.44,True
035420.KS,2022-07-10,589501.5436507936,35756953671607.44,True
035420.KS,2022-07-11,588098.2976190476,34716211114950.75,True
035420.KS,2022-07-12,587537.7817460317,35310921147326.0,True
035420.KS,2022-07-13,587907.9880952381,34716211114950.75,True
035420.KS,2022-07-14,589233.4682539683,34344516165166.625,True
035420.KS,2022-07-17,591789.7857142857,36649018720170.31,True
035420.KS,2022-07-18,590550.3888888889,36202986195888.88,True
035420.KS,2022-07-19,588539.7341269841,36574681145673.0,True
035420.KS,2022-07-20,586466.9444444445,37243728752545.56,True
035420.KS,2022-07-21,586426.8214285715,37169391178048.25,True
035420.KS,2022-07-24,581989.6071428572,36872036161860.63,True
035420.KS,2022-07-25,580007.0952380953,36426001278480.0,True
035420.KS,2022-07-26,578525.0992063492,36574681145673.0,True
035420.KS,2022-07-27,575818.3492063492,36723356294667.625,True
035420.KS,2022-07-28,577409.0198412698,38507488750892.56,True
035420.KS,2022-07-31,576390.873015873,38507488750892.56,True
035420.KS,2022-08-01,575064.2817460317,38507488750892.56,True
035420.KS,2022-08-02,574251.7380952381,39994261472731.5,True
035420.KS,2022-08-03,573722.0595238095,40663311438703.25,True
035420.KS,2022-08-04,574097.2936507936,39696906456543.88,True
035420.KS,2022-08-07,574821.8492063492,38433148817296.06,True
035420.KS,2022-08-08,573299.7023809524,39399553799455.44,True
035420.KS,2022-08-09,572353.0476190476,38953521275174.0,True
035420.KS,2022-08-10,571912.1865079365,39771246390140.375,True
035420.KS,2022-08-11,571320.0277777778,39473893733051.94,True
035420.KS,2022-08-15,571454.4285714285,38581826325389.88,True
035420.KS,2022-08-16,571008.3174603175,38358808883699.56,True
035420.KS,2022-08-17,571181.1071428572,37169391178048.25,True
035420.KS,2022-08-18,571045.6865079365,36872036161860.63,True
035420.KS,2022-08-21,570301.380952381,36500343571175.69,True
035420.KS,2022-08-22,570055.7261904762,35831291246104.75,True
035420.KS,2022-08-23,569653.1984126985,35905631179701.25,True
035420.KS,2022-08-24,568370.2420634921,36351663703982.69,True
035420.KS,2022-08-25,567540.0119047619,35979968754198.56,True
035420.KS,2022-08-28,566931.8015873015,34790548689448.062,True
035420.KS,2022-08-29,566176.1150793651,35385258721823.31,True
035420.KS,2022-08-30,565860.1071428572,35682616097110.125,True
035420.KS,2022-08-31,565157.9007936508,35087903705635.688,True
035420.KS,2022-09-01,564598.3492063492,34790548689448.062,True
035420.KS,2022-09-04,563729.4285714285,35087903705635.688,True
035420.KS,2022-09-05,561994.4722222222,34939226197541.875,True
035420.KS,2022-09-06,561339.3293650794,34418853739663.938,True
035420.KS,2022-09-07,561242.6904761905,34418853739663.938,True
035420.KS,2022-09-12,561685.380952381,35459596296320.625,True
035420.KS,2022-09-13,560828.3968253968,34195836297973.625,True
035420.KS,2022-09-14,560314.0476190476,33526788691101.062,True
035420.KS,2022-09-15,561687.7896825396,32709065935233.875,True
035420.KS,2022-09-18,561116.2936507936,32411706200847.875,True
035420.KS,2022-09-19,560607.3849206349,32411706200847.875,True
035420.KS,2022-09-20,561153.7301587302,31668323378577.188,True
035420.KS,2022-09-21,554100.5396825396,30701918396417.81,True
035420.KS,2022-09-22,548874.1150793651,31296626069693.875,True
035420.KS,2022-09-25,545645.8293650794,30404561021131.0,True
035420.KS,2022-09-26,545128.5476190476,30404561021131.0,True
035420.KS,2022-09-27,540934.003968254,29809850988755.75,True
035420.KS,2022-09-28,540464.4087301587,29348930189502.0,True
035420.KS,2022-09-29,541691.8174603175,28900857044423.37,True
035420.KS,2022-10-03,554371.2579365079,26361760948016.312,True
035420.KS,2022-10-04,578256.496031746,24494784005623.938,True
035420.KS,2022-10-05,589776.1706349206,24942857150702.56,True
035420.KS,2022-10-06,598272.9801587302,23897351572786.312,True
035420.KS,2022-10-10,602151.7817460317,23673310282048.625,True
035420.KS,2022-10-11,605530.4126984127,24196065430105.938,True
035420.KS,2022-10-12,609006.8214285715,23673310282048.625,True
035420.KS,2022-10-13,613636.5476190476,24718820578163.25,True
035420.KS,2022-10-16,616048.1865079365,24942857150702.56,True
035420.KS,2022-10-17,618380.869047619,25764328515178.688,True
035420.KS,2022-10-18,619732.8452380953,25166893723241.875,True
035420.KS,2022-10-19,621939.5277777778,25166893723241.875,True
035420.KS,2022-10-20,621672.2023809524,24793500222042.75,True
035420.KS,2022-10-23,622767.9722222222,24494784005623.938,True
035420.KS,2022-10-24,622201.3611111111,24718820578163.25,True
035420.KS,2022-10-25,625803.3650793651,23822669569807.625,True
035420.KS,2022-10-26,628225.0555555555,24046706142346.938,True
035420.KS,2022-10-27,629086.4523809524,23897351572786.312,True
035420.KS,2022-10-30,633029.5198412698,25316255370100.062,True
035420.KS,2022-10-31,634165.9007936508,25465612298759.875,True
035420.KS,2022-11-01,638886.1706349206,25988367446817.188,True
035420.KS,2022-11-02,641092.6825396825,25241573367121.37,True
035420.KS,2022-11-03,644177.0317460317,25988367446817.188,True
035420.KS,2022-11-06,650650.0119047619,25241573367121.37,True
035420.KS,2022-11-07,658804.2142857143,26511122594874.5,True
035420.KS,2022-11-08,663265.1865079365,26884518455172.81,True
035420.KS,2022-11-09,665798.6587301587,26287086022335.188,True
035420.KS,2022-11-10,677545.2063492064,28900857044423.37,True
035420.KS,2022-11-13,683138.9603174604,28154062964727.56,True
035420.KS,2022-11-14,684536.3214285715,28676820471884.062,True
035420.KS,2022-11-15,687897.9325396825,28303422252486.56,True
035420.KS,2022-11-16,689722.8452380953,28079385679947.25,True
035420.KS,2022-11-17,690681.1071428572,27705989819648.938,True
035420.KS,2022-11-20,691475.3095238095,27257914315471.125,True
035420.KS,2022-11-21,691732.496031746,26959195739953.125,True
035420.KS,2022-11-22,693193.7738095238,27108555027712.125,True
035420.KS,2022-11-23,695723.7420634921,28079385679947.25,True
035420.KS,2022-11-24,695523.6150793651,27631307816670.25,True
035420.KS,2022-11-27,695565.4444444445,26959195739953.125,True
035420.KS,2022-11-28,694581.4801587302,27257914315471.125,True
035420.KS,2022-11-29,696424.6785714285,27930026392188.25,True
035420.KS,2022-11-30,699053.4206349206,28004706036067.75,True
035420.KS,2022-12-01,699509.0079365079,27705989819648.938,True
035420.KS,2022-12-04,702168.5714285715,28602138468905.37,True
035420.KS,2022-12-05,704368.873015873,27705989819648.938,True
035420.KS,2022-12-06,705056.2261904762,27407271244130.938,True
035420.KS,2022-12-07,706056.876984127,27705989819648.938,True
035420.KS,2022-12-08,705969.5317460317,29124893616962.688,True
035420.KS,2022-12-11,706382.126984127,28826175041444.688,True
035420.KS,2022-12-12,706698.3968253968,28826175041444.688,True
035420.KS,2022-12-13,707522.4484126985,28900857044423.37,True
035420.KS,2022-12-14,710752.2579365079,27257914315471.125,True
035420.KS,2022-12-15,712853.2103174604,26959195739953.125,True
035420.KS,2022-12-18,713013.2023809524,27407271244130.938,True
035420.KS,2022-12-19,712524.626984127,26959195739953.125,True
035420.KS,2022-12-20,712836.2301587302,26884518455172.81,True
035420.KS,2022-12-21,713314.8849206349,27556628172790.75,True
035420.KS,2022-12-22,714470.2063492064,26585799879654.81,True
035420.KS,2022-12-25,714710.3015873015,26660479523534.312,True
035420.KS,2022-12-26,714505.4087301587,27033875383832.625,True
035420.KS,2022-12-27,714803.8650793651,26884518455172.81,True
035420.KS,2022-12-28,714906.9126984127,26511122594874.5,True
035420.KS,2023-01-01,714739.4325396825,26809838811293.312,True
035420.KS,2023-01-02,715968.0992063492,26660479523534.312,True
035420.KS,2023-01-03,717708.4880952381,27257914315471.125,True
035420.KS,2023-01-04,720465.5833333334,27780669463528.44,True
035420.KS,2023-01-05,722506.7420634921,27631307816670.25,True
035420.KS,2023-01-08,724744.7301587302,29348930189502.0,True
035420.KS,2023-01-09,726676.5396825396,28826175041444.688,True
035420.KS,2023-01-10,729300.8888888889,29124893616962.688,True
035420.KS,2023-01-11,729275.7579365079,28975536688302.875,True
035420.KS,2023-01-12,728155.7420634921,29124893616962.688,True
035420.KS,2023-01-15,726430.9801587302,29946364981438.81,True
035420.KS,2023-01-16,727179.9365079365,28900857044423.37,True
035420.KS,2023-01-17,725951.0396825396,29199573260842.188,True
035420.KS,2023-01-18,724643.5634920635,29274252904721.688,True
035420.KS,2023-01-19,723612.4841269841,29274252904721.688,True
035420.KS,2023-01-24,720943.4325396825,30170403913077.312,True
035420.KS,2023-01-25,718960.2936507936,30170403913077.312,True
035420.KS,2023-01-26,717324.7063492064,31589307710391.062,True
035420.KS,2023-01-29,715592.0714285715,30917195633673.938,True
035420.KS,2023-01-30,712633.6825396825,30917195633673.938,True
035420.KS,2023-01-31,709884.7698412698,30693159061134.625,True
035420.KS,2023-02-01,707662.7579365079,30693159061134.625,True
035420.KS,2023-02-02,705744.1587301587,31589307710391.062,True
035420.KS,2023-02-05,702619.130952381,32186740143228.688,True
035420.KS,2023-02-06,702643.9126984127,32784174935165.5,True
035420.KS,2023-02-07,698915.0396825396,34427117664117.75,True
035420.KS,2023-02-08,695083.4603174604,34352438020238.25,True
035420.KS,2023-02-09,691601.3928571428,34352438020238.25,True
035420.KS,2023-02-12,689450.9761904762,33306930083222.81,True
035420.KS,2023-02-13,687512.8531746032,33456289370981.81,True
035420.KS,2023-02-14,687553.5277777778,32186740143228.688,True
035420.KS,2023-02-15,687565.1666666666,32933531863825.312,True
035420.KS,2023-02-16,684796.0119047619,32186740143228.688,True
035420.KS,2023-02-19,683015.253968254,32709495291286.0,True
035420.KS,2023-02-20,681356.2103174604,32186740143228.688,True
035420.KS,2023-02-21,680040.7896825396,31589307710391.062,True
035420.KS,2023-02-22,678280.6825396825,31888026285909.062,True
035420.KS,2023-02-23,676393.1468253968,31066554921432.938,True
035420.KS,2023-02-26,677905.3888888889,31066554921432.938,True
035420.KS,2023-02-27,681271.75,31141232206213.25,True
035420.KS,2023-03-01,684516.5476190476,30767836345914.938,True
035420.KS,2023-03-02,687412.1388888889,30693159061134.625,True
035420.KS,2023-03-05,688942.7142857143,32037380855469.688,True
035420.KS,2023-03-06,688078.7222222222,31514628066511.56,True
035420.KS,2023-03-07,692154.2103174604,30245081197857.625,True
035420.KS,2023-03-08,693004.3333333334,30170403913077.312,True
035420.KS,2023-03-09,694091.0515873015,29841814423647.188,True
035420.KS,2023-03-12,698200.2301587302,30245081197857.625,True
035420.KS,2023-03-13,699158.0158730159,29274252904721.688,True
035420.KS,2023-03-14,700263.7063492064,29333997091645.125,True
035420.KS,2023-03-15,703073.7341269841,29438545290337.56,True
035420.KS,2023-03-16,706163.003968254,29572969121140.5,True
035420.KS,2023-03-19,705856.5634920635,30095724269197.81,True
035420.KS,2023-03-20,707457.0476190476,29946364981438.81,True
035420.KS,2023-03-21,710058.25,30917195633673.938,True
035420.KS,2023-03-22,712468.9761904762,30469120129496.125,True
035420.KS,2023-03-23,711979.9920634921,30245081197857.625,True
035420.KS,2023-03-26,714406.8531746032,29767134779767.688,True
035420.KS,2023-03-27,715538.3174603175,29797005693679.81,True
035420.KS,2023-03-28,715288.8055555555,29737263865855.56,True
035420.KS,2023-03-29,716320.9325396825,30021042266219.125,True
035420.KS,2023-03-30,717823.7103174604,30170403913077.312,True
035420.KS,2023-04-02,719562.4246031746,29602840035052.625,True
035420.KS,2023-04-03,720560.253968254,30021042266219.125,True
035420.KS,2023-04-04,720682.2857142857,29752201681910.81,True
035420.KS,2023-04-05,724580.2658730159,28661882655828.81,True
035420.KS,2023-04-06,724914.2103174604,28885919228368.125,True
035420.KS,2023-04-09,726898.6746031746,28826175041444.688,True
035420.KS,2023-04-10,729866.4761904762,29856749880603.25,True
035420.KS,2023-04-11,730078.5277777778,29572969121140.5,True
035420.KS,2023-04-12,731008.9642857143,29333997091645.125,True
035420.KS,2023-04-13,732352.9285714285,29722328408899.5,True
035420.KS,2023-04-16,732547.4087301587,29423609833381.5,True
035420.KS,2023-04-17,734747.4166666666,28796306486631.75,True
035420.KS,2023-04-18,735114.7301587302,28587203011949.312,True
035420.KS,2023-04-19,735596.2222222222,28617076284960.625,True
035420.KS,2023-04-20,736030.2103174604,28422910626333.44,True
035420.KS,2023-04-23,737059.0317460317,28378101896366.062,True
035420.KS,2023-04-24,738675.9404761905,27795602561385.312,True
035420.KS,2023-04-25,739372.8611111111,28094321136903.312,True
035420.KS,2023-04-26,738051.0396825396,28109254234760.188,True
035420.KS,2023-04-27,737005.7738095238,28721624483653.062,True
035420.KS,2023-05-01,735687.7976190476,28856048314456.0,True
035420.KS,2023-05-02,734273.7023809524,28766433213620.44,True
035420.KS,2023-05-03,734374.0793650794,29289188361677.75,True
035420.KS,2023-05-07,740274.4920634921,30917195633673.938,True
035420.KS,2023-05-08,745493.119047619,31514628066511.56,True
035420.KS,2023-05-09,746501.8373015873,31365271137851.75,True
035420.KS,2023-05-10,748113.8293650794,31514628066511.56,True
035420.KS,2023-05-11,749195.8452380953,31888026285909.062,True
035420.KS,2023-05-14,748390.7698412698,31663989713369.75,True
035420.KS,2023-05-15,747582.1785714285,30991872918454.25,True
035420.KS,2023-05-16,747839.7301587302,31813344282930.37,True
035420.KS,2023-05-17,746913.5793650794,31738664639050.875,True
035420.KS,2023-05-18,748487.1706349206,32336099430987.688,True
035420.KS,2023-05-21,749078.9325396825,32112062858448.37,True
035420.KS,2023-05-22,749552.9523809524,31663989713369.75,True
035420.KS,2023-05-23,752226.369047619,30319760841737.125,True
035420.KS,2023-05-24,752884.9365079365,30767836345914.938,True
035420.KS,2023-05-25,753031.9523809524,30245081197857.625,True
035420.KS,2023-05-29,754189.8849206349,30095724269197.81,True
035420.KS,2023-05-30,755852.4444444445,29797005693679.81,True
035420.KS,2023-05-31,755908.3214285715,30469120129496.125,True
035420.KS,2023-06-01,755369.1785714285,30543797414276.44,True
035420.KS,2023-06-04,755161.126984127,30543797414276.44,True
035420.KS,2023-06-06,754376.7420634921,30618477058155.938,True
035420.KS,2023-06-07,751210.0317460317,29946364981438.81,True
035420.KS,2023-06-08,750962.0436507936,29946364981438.81,True
035420.KS,2023-06-11,750752.5793650794,29946364981438.81,True
035420.KS,2023-06-12,750372.4682539683,30021042266219.125,True
035420.KS,2023-06-13,751426.6706349206,29752201681910.81,True
035420.KS,2023-06-14,750650.7936507936,29946364981438.81,True
035420.KS,2023-06-15,751656.6984126985,30245081197857.625,True
035420.KS,2023-06-18,750629.4841269841,29662581862876.875,True
035420.KS,2023-06-19,749466.1785714285,29647648765020.0,True
035420.KS,2023-06-20,751876.2777777778,28363166439410.0,True
035420.KS,2023-06-21,751250.880952381,28572267554993.25,True
035420.KS,2023-06-22,750059.5,28213807151651.0,True
035420.KS,2023-06-25,749146.0912698413,28213807151651.0,True
035420.KS,2023-06-26,750538.8333333334,27765731647473.188,True
035420.KS,2023-06-27,749834.7142857143,27601439261857.312,True
035420.KS,2023-06-28,748579.4325396825,27453988485341.0,True
035420.KS,2023-06-29,747360.6785714285,27364170501975.312,True
035420.KS,2023-07-02,748295.3531746032,28337185680058.062,True
035420.KS,2023-07-03,748420.1825396825,28247370055791.56,True
035420.KS,2023-07-04,749301.373015873,27918042168315.75,True
035420.KS,2023-07-05,752233.4206349206,29265293046007.56,True
035420.KS,2023-07-06,753446.7936507936,29190445906085.75,True
035420.KS,2023-07-09,753433.8849206349,28920994315087.875,True
035420.KS,2023-07-10,752915.4484126985,29549713121350.125,True
035420.KS,2023-07-11,752876.876984127,30238308224090.312,True
035420.KS,2023-07-12,754440.3928571428,29894009493170.625,True
035420.KS,2023-07-13,754787.3373015873,30612543923699.37,True
035420.KS,2023-07-16,755387.4007936508,30911934842485.81,True
035420.KS,2023-07-17,756187.6468253968,31286168182995.688,True
035420.KS,2023-07-18,757122.5992063492,30612543923699.37,True
035420.KS,2023-07-19,756993.6507936508,30612543923699.37,True
035420.KS,2023-07-20,756211.2103174604,30837085343464.81,True
035420.KS,2023-07-23,754923.3174603175,30388002503933.938,True
035420.KS,2023-07-24,756154.7023809524,30088611585147.5,True
035420.KS,2023-07-25,757873.7579365079,29594623292582.56,True
035420.KS,2023-07-26,761345.3928571428,31660406241703.938,True
035420.KS,2023-07-27,763276.0912698413,31585559101782.125,True
035420.KS,2023-07-30,772582.9761904762,33980672297478.5,True
035420.KS,2023-07-31,783178.496031746,34878840335639.44,True
035420.KS,2023-08-01,786399.8293650794,34055519437400.312,True
035420.KS,2023-08-02,789836.7936507936,33381895178104.0,True
035420.KS,2023-08-03,795616.4325396825,33456739958926.625,True
035420.KS,2023-08-06,805627.3492063492,35103381755404.875,True
035420.KS,2023-08-07,811114.5753968254,33381895178104.0,True
035420.KS,2023-08-08,812885.8134920635,34055519437400.312,True
035420.KS,2023-08-09,812758.2817460317,33681283737791.25,True
035420.KS,2023-08-10,812716.2658730159,33232198539161.188,True
035420.KS,2023-08-13,811255.3650793651,33082504259317.56,True
035420.KS,2023-08-15,812898.2976190476,33307045679083.0,True
035420.KS,2023-08-16,815130.8849206349,32633421419786.688,True
035420.KS,2023-08-17,816595.0555555555,31810100521547.56,True
035420.KS,2023-08-20,817741.6388888889,32109489081234.81,True
035420.KS,2023-08-21,818301.0912698413,33082504259317.56,True
035420.KS,2023-08-22,820026.0357142857,32259183361078.44,True
035420.KS,2023-08-23,828856.369047619,34280060857165.75,True
035420.KS,2023-08-24,835563.1031746032,31585559101782.125,True
035420.KS,2023-08-27,836972.0357142857,31959797160490.37,True
035420.KS,2023-08-28,838582.8015873015,32633421419786.688,True
035420.KS,2023-08-29,839595.9404761905,32558574279864.875,True
035420.KS,2023-08-30,841424.3849206349,32109489081234.81,True
035420.KS,2023-08-31,842468.5714285715,32109489081234.81,True
035420.KS,2023-09-03,842667.3531746032,31660406241703.938,True
035420.KS,2023-09-04,843003.619047619,31735255740724.938,True
035420.KS,2023-09-05,844525.8928571428,32034641941313.0,True
035420.KS,2023-09-06,847792.0992063492,32408880000021.25,True
035420.KS,2023-09-07,848666.880952381,32184338580255.81,True
035420.KS,2023-09-10,850238.8015873015,31660406241703.938,True
035420.KS,2023-09-11,854383.4722222222,32857962839552.125,True
035420.KS,2023-09-12,856139.5992063492,33232198539161.188,True
035420.KS,2023-09-13,857917.9404761905,33756130877713.062,True
035420.KS,2023-09-14,860505.1507936508,34354910356186.75,True
035420.KS,2023-09-17,861172.0,33157353758338.56,True
035420.KS,2023-09-18,860866.9603174604,32857962839552.125,True
035420.KS,2023-09-19,859266.0158730159,32558574279864.875,True
035420.KS,2023-09-20,859994.6071428572,31435864821938.5,True
035420.KS,2023-09-21,860967.9047619047,31136476262251.25,True
035420.KS,2023-09-24,860952.3174603175,30911934842485.81,True
035420.KS,2023-09-25,860821.0238095238,30088611585147.5,True
035420.KS,2023-09-26,859883.8373015873,30163461084168.5,True
035420.KS,2023-10-03,862463.6388888889,28621608114499.81,True
035420.KS,2023-10-04,862389.6904761905,28352156523501.938,True
035420.KS,2023-10-05,861690.746031746,28576697943267.37,True
035420.KS,2023-10-09,861752.2579365079,28621608114499.81,True
035420.KS,2023-10-10,860480.1666666666,28891054987299.312,True
035420.KS,2023-10-11,847849.2023809524,28980872970665.0,True
035420.KS,2023-10-12,822983.623015873,28711423738766.312,True
035420.KS,2023-10-15,811441.8849206349,28397064335635.188,True
035420.KS,2023-10-16,803171.246031746,28217430728003.0,True
035420.KS,2023-10-17,797997.8015873015,27888102840527.188,True
035420.KS,2023-10-18,795115.3015873015,27154599925653.75,True
035420.KS,2023-10-19,791511.6984126985,26974963958922.37,True
035420.KS,2023-10-22,787055.6666666666,26690546242679.0,True
035420.KS,2023-10-23,784540.8373015873,27992889308237.56,True
035420.KS,2023-10-24,782113.4325396825,28307246352269.5,True
035420.KS,2023-10-25,780466.0634920635,27229444706476.37,True
035420.KS,2023-10-26,778172.2857142857,27753377045028.25,True
035420.KS,2023-10-29,776752.7380952381,27858163512738.625,True
035420.KS,2023-10-30,776494.7857142857,28052765604715.5,True
035420.KS,2023-10-31,776352.4047619047,28097675775947.938,True
035420.KS,2023-11-01,773500.4087301587,28561727099823.5,True
035420.KS,2023-11-02,774347.2182539683,30013766804324.875,True
035420.KS,2023-11-05,775233.0555555555,30762240562642.188,True
035420.KS,2023-11-06,772048.0436507936,30013766804324.875,True
035420.KS,2023-11-07,771324.9007936508,29549713121350.125,True
035420.KS,2023-11-08,767387.876984127,29669468073405.188,True
035420.KS,2023-11-09,766025.3968253968,29145535734853.312,True
035420.KS,2023-11-12,763055.4404761905,28831178690821.37,True
035420.KS,2023-11-13,756508.1428571428,29729344369883.125,True
035420.KS,2023-11-14,749749.4563492064,30762240562642.188,True
035420.KS,2023-11-15,745103.2579365079,30388002503933.938,True
035420.KS,2023-11-16,742846.869047619,30238308224090.312,True
035420.KS,2023-11-19,730781.8611111111,30313155364012.125,True
035420.KS,2023-11-20,725571.0555555555,30612543923699.37,True
035420.KS,2023-11-21,723458.5833333334,31061626763230.25,True
035420.KS,2023-11-22,720238.8611111111,30762240562642.188,True
035420.KS,2023-11-23,718294.5198412698,30762240562642.188,True
035420.KS,2023-11-26,717318.2063492064,30837085343464.81,True
035420.KS,2023-11-27,717064.4880952381,31061626763230.25,True
035420.KS,2023-11-28,716528.8253968254,31061626763230.25,True
035420.KS,2023-11-29,715981.0555555555,31136476262251.25,True
035420.KS,2023-11-30,714287.7063492064,30837085343464.81,True
035420.KS,2023-12-03,715343.8531746032,31510709602761.125,True
035420.KS,2023-12-04,716691.1904761905,31884947661469.37,True
035420.KS,2023-12-05,716742.869047619,31959797160490.37,True
035420.KS,2023-12-06,715317.619047619,31810100521547.56,True
035420.KS,2023-12-07,713204.2182539683,32558574279864.875,True
035420.KS,2023-12-10,712080.880952381,32558574279864.875,True
035420.KS,2023-12-11,710040.8373015873,31959797160490.37,True
035420.KS,2023-12-12,708288.5,31959797160490.37,True
035420.KS,2023-12-13,712713.8492063492,33381895178104.0,True
035420.KS,2023-12-14,713467.4087301587,33830978017634.875,True
035420.KS,2023-12-17,711378.9404761905,33381895178104.0,True
035420.KS,2023-12-18,710762.2301587302,33307045679083.0,True
035420.KS,2023-12-19,711483.0158730159,33007657119395.75,True
035420.KS,2023-12-20,712021.0317460317,32408880000021.25,True
035420.KS,2023-12-21,709247.4444444445,32184338580255.81,True
035420.KS,2023-12-25,707440.8531746032,32259183361078.44,True
035420.KS,2023-12-26,707581.7738095238,33504716959102.81,True
035420.KS,2023-12-27,707186.5873015873,33654963268156.312,True
035420.KS,2024-01-01,708827.4325396825,34180822990744.37,True
035420.KS,2024-01-02,709716.3571428572,33354473009148.5,True
035420.KS,2024-01-03,709421.5238095238,33504716959102.81,True
035420.KS,2024-01-04,709568.5119047619,33129103545568.25,True
035420.KS,2024-01-07,711801.3888888889,34030576681690.875,True
035420.KS,2024-01-08,712815.0793650794,34481313249752.188,True
035420.KS,2024-01-09,712997.2380952381,34706680354233.25,True
035420.KS,2024-01-10,714749.1626984127,34781803508760.0,True
035420.KS,2024-01-11,714525.119047619,34631557199706.5,True
035420.KS,2024-01-14,712195.6031746032,34481313249752.188,True
035420.KS,2024-01-15,710561.6785714285,34556436404278.938,True
035420.KS,2024-01-16,711437.5793650794,32903736441087.188,True
035420.KS,2024-01-17,709911.869047619,32528123027552.625,True
035420.KS,2024-01-18,710217.2976190476,32377876718499.125,True
035420.KS,2024-01-21,708244.5317460317,32603246182079.37,True
035420.KS,2024-01-22,706623.7579365079,32753490132033.688,True
035420.KS,2024-01-23,704684.3611111111,32753490132033.688,True
035420.KS,2024-01-24,703636.6984126985,32077386459491.312,True
035420.KS,2024-01-25,701375.9563492064,32528123027552.625,True
035420.KS,2024-01-28,701763.1626984127,31852019355010.25,True
035420.KS,2024-01-29,702313.3452380953,31476405941475.688,True
035420.KS,2024-01-30,704419.3928571428,30124196237291.75,True
035420.KS,2024-01-31,707649.503968254,30424688855398.75,True
035420.KS,2024-02-01,714936.5873015873,33279349854621.75,True
035420.KS,2024-02-04,721743.5714285715,31251036477895.44,True
035420.KS,2024-02-05,725281.0753968254,30875423064360.875,True
035420.KS,2024-02-06,728068.3174603175,30725179114406.56,True
035420.KS,2024-02-07,730553.0674603175,30950546218887.625,True
035420.KS,2024-02-12,733885.5952380953,30800302268933.312,True
035420.KS,2024-02-13,736331.869047619,30424688855398.75,True
035420.KS,2024-02-14,740034.8531746032,30650055959879.81,True
035420.KS,2024-02-15,743974.9246031746,30800302268933.312,True
035420.KS,2024-02-18,746388.6587301587,30574932805353.062,True
035420.KS,2024-02-19,749166.7301587302,30424688855398.75,True
035420.KS,2024-02-20,751488.4920634921,30424688855398.75,True
035420.KS,2024-02-21,754959.3650793651,30349565700872.0,True
035420.KS,2024-02-22,757844.7142857143,30124196237291.75,True
035420.KS,2024-02-25,760307.3492063492,30034050339139.0,True
035420.KS,2024-02-26,762878.2301587302,30049075441864.188,True
035420.KS,2024-02-27,765232.9206349206,30650055959879.81,True
035420.KS,2024-02-28,773228.2063492064,29297848614795.062,True
035420.KS,2024-03-03,777908.9880952381,28847112046733.75,True
035420.KS,2024-03-04,782244.8412698413,28351302529596.062,True
035420.KS,2024-03-05,785705.1507936508,28516571582275.56,True
035420.KS,2024-03-06,788759.2976190476,28396375478672.44,True
035420.KS,2024-03-07,788046.1626984127,28246129169618.938,True
035420.KS,2024-03-10,787271.7261904762,28531596685000.75,True
035420.KS,2024-03-11,786838.753968254,28621742583153.5,True
035420.KS,2024-03-12,787168.2261904762,28306227221420.5,True
035420.KS,2024-03-13,787550.8095238095,28065835014214.25,True
035420.KS,2024-03-14,789041.6468253968,27960664013336.312,True
035420.KS,2024-03-17,789149.2658730159,27660173754328.5,True
035420.KS,2024-03-18,789014.9523809524,27434804290748.25,True
035420.KS,2024-03-19,787881.3611111111,27509927445275.0,True
035420.KS,2024-03-20,787930.3492063492,27705246703404.875,True
035420.KS,2024-03-21,789928.9920634921,28381350375947.25,True
035420.KS,2024-03-24,789198.5912698413,28246129169618.938,True
035420.KS,2024-03-25,789351.1944444445,28381350375947.25,True
035420.KS,2024-03-26,788605.3452380953,28441448427748.81,True
035420.KS,2024-03-27,788840.4563492064,28110910322389.81,True
035420.KS,2024-03-28,789752.8015873015,28155983271466.188,True
035420.KS,2024-03-31,792682.6507936508,29192675254817.938,True
035420.KS,2024-04-01,793915.3253968254,28847112046733.75,True
035420.KS,2024-04-02,796033.880952381,29057454048489.625,True
035420.KS,2024-04-03,796314.9722222222,29192675254817.938,True
035420.KS,2024-04-04,795910.2698412698,29012381099413.25,True
035420.KS,2024-04-07,796592.880952381,28531596685000.75,True
035420.KS,2024-04-08,795280.1984126985,28396375478672.44,True
035420.KS,2024-04-10,796291.9246031746,27585050599801.75,True
035420.KS,2024-04-11,796454.5595238095,27930613807885.938,True
035420.KS,2024-04-14,796698.1587301587,27464854496198.625,True
035420.KS,2024-04-15,797932.5,26969044979060.938,True
035420.KS,2024-04-16,793950.1904761905,26984067722686.938,True
035420.KS,2024-04-17,794222.4206349206,27149339134465.625,True
035420.KS,2024-04-18,794127.3214285715,27404756444397.062,True
035420.KS,2024-04-21,791564.9087301587,27179386980816.81,True
035420.KS,2024-04-22,790645.0396825396,27059190877213.688,True
035420.KS,2024-04-23,790129.3531746032,27600075702526.938,True
035420.KS,2024-04-24,788036.5079365079,27449829393473.44,True
035420.KS,2024-04-25,787569.746031746,27269535238068.75,True
035420.KS,2024-04-28,785538.5277777778,27750319652481.25,True
035420.KS,2024-04-29,785569.7103174604,27705246703404.875,True
035420.KS,2024-05-01,787414.0436507936,28366325273222.062,True
035420.KS,2024-05-02,794606.1388888889,29237750562993.5,True
035420.KS,2024-05-06,797794.8214285715,29267798409344.688,True
035420.KS,2024-05-07,798676.9523809524,28681840634955.062,True
035420.KS,2024-05-08,800492.4722222222,28291204477794.5,True
035420.KS,2024-05-09,801369.0555555555,28336277426870.875,True
035420.KS,2024-05-12,800658.1904761905,27690221600679.688,True
035420.KS,2024-05-13,800863.0992063492,27705246703404.875,True
035420.KS,2024-05-15,802281.8174603175,28321252324145.688,True
035420.KS,2024-05-16,800273.2023809524,28140958168741.0,True
035420.KS,2024-05-19,794459.0277777778,27645148651603.312,True
035420.KS,2024-05-20,788958.0396825396,27524952548000.188,True
035420.KS,2024-05-21,787183.0674603175,27434804290748.25,True
035420.KS,2024-05-22,785518.9206349206,27359683495320.688,True
035420.KS,2024-05-23,785769.6031746032,26893921824534.188,True
035420.KS,2024-05-26,785668.5119047619,26893921824534.188,True
035420.KS,2024-05-27,785807.1031746032,26653529617327.938,True
035420.KS,2024-05-28,787235.6349206349,26338014255594.938,True
035420.KS,2024-05-29,789493.3571428572,25601812531251.0,True
035420.KS,2024-05-30,790472.8452380953,25571762325800.625,True
035420.KS,2024-06-02,790976.7777777778,25947375739335.188,True
035420.KS,2024-06-03,791802.2222222222,26563381360076.0,True
035420.KS,2024-06-04,788856.7103174604,26608454309152.37,True
035420.KS,2024-06-06,788249.8452380953,26353039358320.125,True
035420.KS,2024-06-09,789197.5793650794,25646885480327.37,True
035420.KS,2024-06-10,789187.1349206349,25571762325800.625,True
035420.KS,2024-06-11,789124.4444444445,25301319913144.0,True
035420.KS,2024-06-12,790852.5992063492,25526689376724.25,True
035420.KS,2024-06-13,791933.2619047619,25526689376724.25,True
035420.KS,2024-06-16,793710.369047619,24955756705059.81,True
035420.KS,2024-06-17,794146.1746031746,25060927705937.75,True
035420.KS,2024-06-18,794368.1031746032,25226199117716.44,True
035420.KS,2024-06-19,794509.3531746032,25121025757739.312,True
035420.KS,2024-06-20,796312.2817460317,25181123809540.875,True
035420.KS,2024-06-23,796415.753968254,25376443067670.75,True
035420.KS,2024-06-24,796450.5912698413,25000829654136.188,True
035420.KS,2024-06-25,796757.9087301587,25301319913144.0,True
035420.KS,2024-06-26,796090.5793650794,24850585704181.875,True
035420.KS,2024-06-27,796250.0357142857,25075952808662.938,True
035420.KS,2024-06-30,799036.4642857143,24477255375486.75,True
035420.KS,2024-07-01,797343.5277777778,24026476761624.0,True
035420.KS,2024-07-02,797455.3531746032,24011450257320.75,True
035420.KS,2024-07-03,796723.2182539683,24011450257320.75,True
035420.KS,2024-07-04,799965.3888888889,25258602928105.5,True
035420.KS,2024-07-07,801040.2777777778,25619224875468.0,True
035420.KS,2024-07-08,800817.8055555555,25649277884074.5,True
035420.KS,2024-07-09,805107.1349206349,26671042427587.5,True
035420.KS,2024-07-10,805534.2976190476,26460678445299.75,True
035420.KS,2024-07-11,807612.1865079365,26265340967315.25,True
035420.KS,2024-07-14,809334.9880952381,26490729094587.0,True
035420.KS,2024-07-15,809832.4841269841,25784511704165.25,True
035420.KS,2024-07-16,806087.4206349206,26054976985027.5,True
035420.KS,2024-07-17,804860.8968253968,26280367471618.5,True
035420.KS,2024-07-18,805287.2817460317,25874666011346.25,True
035420.KS,2024-07-21,805049.5238095238,25949796173543.25,True
035420.KS,2024-07-22,803991.996031746,25634251379771.25,True
035420.KS,2024-07-23,801887.1706349206,25799535849149.25,True
035420.KS,2024-07-24,804797.380952381,26746170230465.25,True
035420.KS,2024-07-25,805492.5396825396,26265340967315.25,True
035420.KS,2024-07-28,804009.5158730159,26295393975921.75,True
035420.KS,2024-07-29,802881.2142857143,26039952840043.5,True
035420.KS,2024-07-30,802271.3571428572,26145133651527.75,True
035420.KS,2024-07-31,801684.9880952381,26295393975921.75,True
035420.KS,2024-08-01,801732.8849206349,25754458695558.75,True
035420.KS,2024-08-04,804852.0436507936,23455490831973.75,True
035420.KS,2024-08-05,805038.3492063492,23801086275033.0,True
035420.KS,2024-08-06,802400.7579365079,24447202366880.25,True
035420.KS,2024-08-07,801495.6666666666,24447202366880.25,True
035420.KS,2024-08-08,795587.0079365079,24597462691274.25,True
035420.KS,2024-08-11,786495.5119047619,24086580419517.75,True
035420.KS,2024-08-12,785091.6785714285,23500567985564.25,True
035420.KS,2024-08-13,782823.4801587302,23635801805655.0,True
035420.KS,2024-08-15,775935.8174603175,23665852454942.25,True
035420.KS,2024-08-18,765986.5238095238,23530620994170.75,True
035420.KS,2024-08-19,760462.5317460317,23530620994170.75,True
035420.KS,2024-08-20,757237.8849206349,23500567985564.25,True
035420.KS,2024-08-21,759967.8293650794,24747720656349.0,True
035420.KS,2024-08-22,758579.2777777778,24777773664955.5,True
035420.KS,2024-08-25,761378.4166666666,25649277884074.5,True
035420.KS,2024-08-26,760127.9880952381,25228552278818.25,True
035420.KS,2024-08-27,759735.4682539683,24612486836258.25,True
035420.KS,2024-08-28,757994.9325396825,24777773664955.5,True
035420.KS,2024-08-29,759021.7063492064,25408863252499.5,True
035420.KS,2024-09-01,757037.2341269841,25033214800833.75,True
035420.KS,2024-09-02,755721.5476190476,24837877322849.25,True
035420.KS,2024-09-03,748593.4523809524,23665852454942.25,True
035420.KS,2024-09-04,743664.0992063492,24011450257320.75,True
035420.KS,2024-09-05,743480.0476190476,23620775301351.75,True
035420.KS,2024-09-08,742711.6904761905,23290204003276.5,True
035420.KS,2024-09-09,744127.380952381,23891242941533.25,True
035420.KS,2024-09-10,742607.630952381,23500567985564.25,True
035420.KS,2024-09-11,742673.8968253968,24041500906608.0,True
035420.KS,2024-09-12,741450.4642857143,24056527410911.25,True
035420.KS,2024-09-18,742307.869047619,24131657573108.25,True
035420.KS,2024-09-19,742196.503968254,24026476761624.0,True
035420.KS,2024-09-22,741073.5119047619,25048238945817.75,True
035420.KS,2024-09-23,741335.5833333334,25243576423802.25,True
035420.KS,2024-09-24,741145.2420634921,24973111142940.0,True
035420.KS,2024-09-25,738828.5238095238,25679328533361.75,True
035420.KS,2024-09-26,738516.0436507936,25604200730484.0,True
035420.KS,2024-09-29,742310.7301587302,25453940406090.0,True
035420.KS,2024-10-01,741429.4444444445,25273629432408.75,True
035420.KS,2024-10-03,743215.9246031746,25649277884074.5,True
035420.KS,2024-10-06,745740.1031746032,24958084638636.75,True
035420.KS,2024-10-07,747802.1388888889,24973111142940.0,True
035420.KS,2024-10-09,750669.4880952381,25904719019952.75,True
035420.KS,2024-10-10,751030.6507936508,26039952840043.5,True
035420.KS,2024-10-13,751775.0555555555,26039952840043.5,True
035420.KS,2024-10-14,753348.4801587302,26325444625209.0,True
035420.KS,2024-10-15,755116.8174603175,26595912265390.5,True
035420.KS,2024-10-16,752766.4047619047,26295393975921.75,True
035420.KS,2024-10-17,752559.0793650794,26565859256784.0,True
035420.KS,2024-10-20,753092.6150793651,26565859256784.0,True
035420.KS,2024-10-21,753639.376984127,25724408046271.5,True
035420.KS,2024-10-22,753582.3571428572,25919745524256.0,True
035420.KS,2024-10-23,752843.2341269841,25859639507043.0,True
035420.KS,2024-10-24,753870.0912698413,25213525774515.0,True
035420.KS,2024-10-27,752882.6388888889,25604200730484.0,True
035420.KS,2024-10-28,752246.9880952381,25423887397483.5,True
035420.KS,2024-10-29,752983.8531746032,26205237309421.5,True
035420.KS,2024-10-30,751778.1785714285,25544097072590.25,True
035420.KS,2024-10-31,750449.2579365079,25499017559680.5,True
035420.KS,2024-11-03,751447.9801587302,26400574787406.0,True
035420.KS,2024-11-04,749636.9166666666,26520782103193.5,True
035420.KS,2024-11-05,748167.1904761905,26490729094587.0,True
035420.KS,2024-11-06,747839.7738095238,27001611366343.5,True
035420.KS,2024-11-07,750668.0317460317,26235287958708.75,True
035420.KS,2024-11-10,751711.3571428572,26445651940996.5,True
035420.KS,2024-11-11,755222.003968254,27257052502221.75,True
035420.KS,2024-11-12,758053.0674603175,27377259818009.25,True
035420.KS,2024-11-13,764161.4801587302,28323894199325.25,True
035420.KS,2024-11-14,763687.8888888889,28549284685916.25,True
035420.KS,2024-11-17,762733.6984126985,28669492001703.75,True
035420.KS,2024-11-18,763454.9285714285,29000060940459.75,True
035420.KS,2024-11-19,763879.7857142857,29015087444763.0,True
035420.KS,2024-11-20,765047.373015873,28504205173006.5,True
035420.KS,2024-11-21,765384.3095238095,28549284685916.25,True
035420.KS,2024-11-24,772670.0515873015,29030113949066.25,True
035420.KS,2024-11-25,774723.75,29390735896428.75,True
035420.KS,2024-11-26,780512.7579365079,30502654747122.75,True
035420.KS,2024-11-27,784146.6865079365,30728045233713.75,True
035420.KS,2024-11-28,787467.8174603175,31028563523182.5,True
035420.KS,2024-12-01,791230.0158730159,30577784909319.75,True
035420.KS,2024-12-02,793762.6111111111,31404211974848.25,True
035420.KS,2024-12-03,799324.5317460317,30427526944245.0,True
035420.KS,2024-12-04,803662.5238095238,30652915071516.75,True
035420.KS,2024-12-05,807636.6666666666,30728045233713.75,True
035420.KS,2024-12-08,810288.5833333334,30277266619851.0,True
035420.KS,2024-12-09,811697.1746031746,31404211974848.25,True
035420.KS,2024-12-10,815867.9365079365,32756545457117.25,True
035420.KS,2024-12-11,821922.0158730159,31253951650454.25,True
035420.KS,2024-12-12,824143.3968253968,31554472299242.25,True
035420.KS,2024-12-15,825091.9880952381,32155508878179.75,True
035420.KS,2024-12-16,825113.4523809524,31479342137045.25,True
035420.KS,2024-12-17,825787.0079365079,31930120750908.0,True
035420.KS,2024-12-18,826260.1388888889,31479342137045.25,True
035420.KS,2024-12-19,826617.3849206349,31554472299242.25,True
035420.KS,2024-12-22,829221.0,30202136457654.0,True
035420.KS,2024-12-23,828615.3968253968,30427526944245.0,True
035420.KS,2024-12-25,829448.8531746032,30036851988276.0,True
035420.KS,2024-12-26,825192.0833333334,29706280690200.75,True
035420.KS,2024-12-29,823914.1785714285,29886591663882.0,True
035420.KS,2025-01-01,824482.7579365079,29120268256247.25,True
035420.KS,2025-01-02,825677.5079365079,30127006295457.0,True
035420.KS,2025-01-05,825264.869047619,31329081812651.25,True
035420.KS,2025-01-06,824309.9523809524,31253951650454.25,True
035420.KS,2025-01-07,824119.0634920635,31103693685379.5,True
035420.KS,2025-01-08,825384.9603174604,30427526944245.0,True
035420.KS,2025-01-09,824718.1071428572,30352396782048.0,True
035420.KS,2025-01-12,824790.9126984127,30652915071516.75,True
035420.KS,2025-01-13,823928.3174603175,30352396782048.0,True
035420.KS,2025-01-14,823880.0952380953,31028563523182.5,True
035420.KS,2025-01-15,824291.5793650794,31028563523182.5,True
035420.KS,2025-01-16,825537.2738095238,31404211974848.25,True
035420.KS,2025-01-19,822933.7976190476,30803175395910.75,True
035420.KS,2025-01-20,821035.9285714285,30728045233713.75,True
035420.KS,2025-01-21,820451.0396825396,30652915071516.75,True
035420.KS,2025-01-22,818894.1111111111,30728045233713.75,True
035420.KS,2025-01-23,818508.3412698413,30652915071516.75,True
035420.KS,2025-01-30,825487.8174603175,32531157329845.5,True
035420.KS,2025-02-02,828322.4920634921,32606287492042.5,True
035420.KS,2025-02-03,830190.873015873,32831675619314.25,True
035420.KS,2025-02-04,836564.9206349206,34409399588174.25,True
035420.KS,2025-02-05,839748.1587301587,34860178202037.0,True
035420.KS,2025-02-06,845205.7896825396,33883490812114.5,True
035420.KS,2025-02-09,848562.119047619,34184011460902.5,True
035420.KS,2025-02-10,850261.2222222222,34334269425977.25,True
035420.KS,2025-02-11,851701.8293650794,33808363009236.75,True
035420.KS,2025-02-12,854168.5912698413,33057066105905.25,True
035420.KS,2025-02-13,854002.0555555555,33207324070980.0,True
035420.KS,2025-02-16,854007.3333333334,33207324070980.0,True
035420.KS,2025-02-17,851275.0515873015,33432714557571.0,True
035420.KS,2025-02-18,850285.4047619047,33357584395374.0,True
035420.KS,2025-02-19,845415.3928571428,33282454233177.0,True
035420.KS,2025-02-20,841842.2857142857,34033751136508.5,True
035420.KS,2025-02-23,840375.7857142857,34259139263780.25,True
035420.KS,2025-02-24,840044.0992063492,34334269425977.25,True
035420.KS,2025-02-25,840358.6468253968,34785048039840.0,True
035420.KS,2025-02-26,841410.7619047619,33068218608000.0,True
035420.KS,2025-02-27,845510.0873015873,31256261424000.0,True
035420.KS,2025-03-03,844429.2341269841,31029766776000.0,True
035420.KS,2025-03-04,843487.5238095238,31331759640000.0,True
035420.KS,2025-03-05,844996.123015873,33068218608000.0,True
035420.KS,2025-03-06,844684.880952381,32162240016000.0,True
035420.KS,2025-03-09,844488.8968253968,32464232880000.0,True
035420.KS,2025-03-10,843317.8611111111,32086741800000.0,True
035420.KS,2025-03-11,842042.2896825396,32313236448000.0,True
035420.KS,2025-03-12,842010.9801587302,32615229312000.0,True
035420.KS,2025-03-13,841488.4365079365,31407257856000.0,True
035420.KS,2025-03-16,841029.7936507936,31860247152000.0,True
035420.KS,2025-03-17,835683.6388888889,31558254288000.0,True
035420.KS,2025-03-18,833797.1666666666,31407257856000.0,True
035420.KS,2025-03-19,831799.9920634921,31407257856000.0,True
035420.KS,2025-03-20,831044.5396825396,31633752504000.0,True
035420.KS,2025-03-23,829372.6150793651,31256261424000.0,True
035420.KS,2025-03-24,827843.0119047619,31331759640000.0,True
035420.KS,2025-03-25,828387.7579365079,30803272128000.0,True
035420.KS,2025-03-26,831532.623015873,29867094249600.0,True
035420.KS,2025-03-27,831087.5753968254,29399005310400.0,True
035420.KS,2025-03-30,829183.1944444445,28840318512000.0,True
035420.KS,2025-03-31,827076.9682539683,29367018293900.0,True
035420.KS,2025-04-01,824726.5912698413,29202789925200.0,True
035420.KS,2025-04-02,824136.9603174604,29650685476200.0,True
035420.KS,2025-04-03,824545.9563492064,29531246662600.0,True
035420.KS,2025-04-06,822759.3253968254,28635455560600.0,True
035420.KS,2025-04-07,823102.7777777778,26814013653200.0,True
035420.KS,2025-04-08,822971.0714285715,26410907657300.0,True
035420.KS,2025-04-09,822613.8253968254,27455997276300.0,True
035420.KS,2025-04-10,822530.2182539683,27321628611000.0,True
035420.KS,2025-04-13,821457.130952381,27276839055900.0,True
035420.KS,2025-04-14,820315.7103174604,27455997276300.0,True
035420.KS,2025-04-15,816479.623015873,27530646534800.0,True
035420.KS,2025-04-16,813779.2420634921,27411207721200.0,True
035420.KS,2025-04-17,810424.9920634921,27993471937500.0,True
035420.KS,2025-04-20,808695.7222222222,27993471937500.0,True
035420.KS,2025-04-21,809333.6428571428,28919122742900.0,True
035420.KS,2025-04-22,808452.003968254,28799683929300.0,True
035420.KS,2025-04-23,808292.253968254,28590666005500.0,True
035420.KS,2025-04-24,805114.0119047619,28889263039500.0,True
035420.KS,2025-04-27,803041.3373015873,29187860073500.0,True
035420.KS,2025-04-28,801806.5158730159,29337158590500.0,True
035420.KS,2025-04-29,800723.2103174604,29934352658500.0,True
035420.KS,2025-05-01,800227.130952381,29471527255800.0,True
035420.KS,2025-05-06,800315.5079365079,29725334734700.0,True
035420.KS,2025-05-07,802060.5436507936,28172630157900.0,True
035420.KS,2025-05-08,802323.7619047619,28516016747000.0,True
035420.KS,2025-05-11,802199.7420634921,28396577933400.0,True
035420.KS,2025-05-12,802526.4325396825,28097980899400.0,True
035420.KS,2025-05-13,802234.3333333334,28545876450400.0,True
035420.KS,2025-05-14,801902.3888888889,28247279416400.0,True
035420.KS,2025-05-15,801008.5515873015,28038261492600.0,True
035420.KS,2025-05-18,799587.7896825396,27679945051800.0,True
035420.KS,2025-05-19,796601.380952381,27620225645000.0,True
035420.KS,2025-05-20,789024.8015873015,27590365941600.0,True
035420.KS,2025-05-21,785837.6388888889,27351488314400.0,True
035420.KS,2025-05-22,782886.4166666666,27336558462700.0,True
